movie_id,title
101,K.G.F: Chapter 2
102,Doctor Strange in the Multiverse of Madness
103,Thor: The Dark World 
104,Thor: Ragnarok 
105,Thor: Love and Thunder 
106,Sholay
107,Dilwale Dulhania Le Jayenge
108,3 Idiots
109,Kabhi Khushi Kabhie Gham
110,Bajirao Mastani 
111,The Shawshank Redemption
112,Inception
113,Interstellar
115,The Pursuit of Happyness
116,Gladiator
117,Titanic
118,It's a Wonderful Life
119,Avatar
120,The Godfather
121,The Dark Knight
122,Schindler's List
123,Jurassic Park
124,Parasite
125,Avengers: Endgame
126,Avengers: Infinity War
127,Pather Panchali
128,Taare Zameen Par
129,Munna Bhai M.B.B.S.
130,PK
131,Sanju
132,Pushpa: The Rise - Part 1
133,RRR
134,Baahubali: The Beginning
135,The Kashmir Files
136,Bajrangi Bhaijaan
137,Captain America: The First Avenger
138,Captain America: The Winter Soldier
139,Race 3
140,Shershaah
